text,label
"Analyzing tracking data, Jokic's true shooting percentage sits at 50.0% in clutch situations, driving their current win streak.",analysis
The Luka are utilizing a specialized 50.3 scheme which accounts for their top 5 defensive rating this month.,analysis
"Film study shows that when Tatum drives left, their assist percentage increases by 50.6% due to weak-side collapses.",analysis
"Statistically, Giannis has a net rating of +50.9 over 100 possessions, proving their massive off-court impact.",analysis
"The team relies heavily on Embiid actions, running it on 51% of their half-court sets to generate corner threes.",analysis
"Analyzing tracking data, Brunson's true shooting percentage sits at 51.5% in clutch situations, driving their current win streak.",analysis
The Ant are utilizing a specialized 51.8 scheme which accounts for their top 5 defensive rating this month.,analysis
"Film study shows that when LeBron drives left, their assist percentage increases by 52.1% due to weak-side collapses.",analysis
"Statistically, Curry has a net rating of +52.4 over 100 possessions, proving their massive off-court impact.",analysis
"The team relies heavily on Wemby actions, running it on 53% of their half-court sets to generate corner threes.",analysis
"Analyzing tracking data, Jokic's true shooting percentage sits at 53.0% in clutch situations, driving their current win streak.",analysis
The Luka are utilizing a specialized 53.3 scheme which accounts for their top 5 defensive rating this month.,analysis
"Film study shows that when Tatum drives left, their assist percentage increases by 53.6% due to weak-side collapses.",analysis
"Statistically, Giannis has a net rating of +53.9 over 100 possessions, proving their massive off-court impact.",analysis
"The team relies heavily on Embiid actions, running it on 54% of their half-court sets to generate corner threes.",analysis
"Analyzing tracking data, Brunson's true shooting percentage sits at 54.5% in clutch situations, driving their current win streak.",analysis
The Ant are utilizing a specialized 54.8 scheme which accounts for their top 5 defensive rating this month.,analysis
"Film study shows that when LeBron drives left, their assist percentage increases by 55.1% due to weak-side collapses.",analysis
"Statistically, Curry has a net rating of +55.4 over 100 possessions, proving their massive off-court impact.",analysis
"The team relies heavily on Wemby actions, running it on 56% of their half-court sets to generate corner threes.",analysis
"Analyzing tracking data, Jokic's true shooting percentage sits at 56.0% in clutch situations, driving their current win streak.",analysis
The Luka are utilizing a specialized 56.3 scheme which accounts for their top 5 defensive rating this month.,analysis
"Film study shows that when Tatum drives left, their assist percentage increases by 56.6% due to weak-side collapses.",analysis
"Statistically, Giannis has a net rating of +56.9 over 100 possessions, proving their massive off-court impact.",analysis
"The team relies heavily on Embiid actions, running it on 57% of their half-court sets to generate corner threes.",analysis
"Analyzing tracking data, Brunson's true shooting percentage sits at 57.5% in clutch situations, driving their current win streak.",analysis
The Ant are utilizing a specialized 57.8 scheme which accounts for their top 5 defensive rating this month.,analysis
"Film study shows that when LeBron drives left, their assist percentage increases by 58.1% due to weak-side collapses.",analysis
"Statistically, Curry has a net rating of +58.4 over 100 possessions, proving their massive off-court impact.",analysis
"The team relies heavily on Wemby actions, running it on 59% of their half-court sets to generate corner threes.",analysis
"Analyzing tracking data, Jokic's true shooting percentage sits at 59.0% in clutch situations, driving their current win streak.",analysis
The Luka are utilizing a specialized 59.3 scheme which accounts for their top 5 defensive rating this month.,analysis
"Film study shows that when Tatum drives left, their assist percentage increases by 59.6% due to weak-side collapses.",analysis
"Statistically, Giannis has a net rating of +59.9 over 100 possessions, proving their massive off-court impact.",analysis
"The team relies heavily on Embiid actions, running it on 60% of their half-court sets to generate corner threes.",analysis
"Analyzing tracking data, Brunson's true shooting percentage sits at 60.5% in clutch situations, driving their current win streak.",analysis
The Ant are utilizing a specialized 60.8 scheme which accounts for their top 5 defensive rating this month.,analysis
"Film study shows that when LeBron drives left, their assist percentage increases by 61.1% due to weak-side collapses.",analysis
"Statistically, Curry has a net rating of +61.4 over 100 possessions, proving their massive off-court impact.",analysis
"The team relies heavily on Wemby actions, running it on 62% of their half-court sets to generate corner threes.",analysis
"Analyzing tracking data, Jokic's true shooting percentage sits at 62.0% in clutch situations, driving their current win streak.",analysis
The Luka are utilizing a specialized 62.3 scheme which accounts for their top 5 defensive rating this month.,analysis
"Film study shows that when Tatum drives left, their assist percentage increases by 62.6% due to weak-side collapses.",analysis
"Statistically, Giannis has a net rating of +62.9 over 100 possessions, proving their massive off-court impact.",analysis
"The team relies heavily on Embiid actions, running it on 63% of their half-court sets to generate corner threes.",analysis
"Analyzing tracking data, Brunson's true shooting percentage sits at 63.5% in clutch situations, driving their current win streak.",analysis
The Ant are utilizing a specialized 63.8 scheme which accounts for their top 5 defensive rating this month.,analysis
"Film study shows that when LeBron drives left, their assist percentage increases by 64.1% due to weak-side collapses.",analysis
"Statistically, Curry has a net rating of +64.4 over 100 possessions, proving their massive off-court impact.",analysis
"The team relies heavily on Wemby actions, running it on 65% of their half-court sets to generate corner threes.",analysis
"Analyzing tracking data, Jokic's true shooting percentage sits at 65.0% in clutch situations, driving their current win streak.",analysis
The Luka are utilizing a specialized 65.3 scheme which accounts for their top 5 defensive rating this month.,analysis
"Film study shows that when Tatum drives left, their assist percentage increases by 65.6% due to weak-side collapses.",analysis
"Statistically, Giannis has a net rating of +65.9 over 100 possessions, proving their massive off-court impact.",analysis
"The team relies heavily on Embiid actions, running it on 66% of their half-court sets to generate corner threes.",analysis
"Analyzing tracking data, Brunson's true shooting percentage sits at 66.5% in clutch situations, driving their current win streak.",analysis
The Ant are utilizing a specialized 66.8 scheme which accounts for their top 5 defensive rating this month.,analysis
"Film study shows that when LeBron drives left, their assist percentage increases by 67.1% due to weak-side collapses.",analysis
"Statistically, Curry has a net rating of +67.4 over 100 possessions, proving their massive off-court impact.",analysis
"The team relies heavily on Wemby actions, running it on 68% of their half-court sets to generate corner threes.",analysis
"Analyzing tracking data, Jokic's true shooting percentage sits at 68.0% in clutch situations, driving their current win streak.",analysis
The Luka are utilizing a specialized 68.3 scheme which accounts for their top 5 defensive rating this month.,analysis
"Film study shows that when Tatum drives left, their assist percentage increases by 68.6% due to weak-side collapses.",analysis
"Statistically, Giannis has a net rating of +68.9 over 100 possessions, proving their massive off-court impact.",analysis
"The team relies heavily on Embiid actions, running it on 69% of their half-court sets to generate corner threes.",analysis
"Analyzing tracking data, Brunson's true shooting percentage sits at 69.5% in clutch situations, driving their current win streak.",analysis
The Ant are utilizing a specialized 69.8 scheme which accounts for their top 5 defensive rating this month.,analysis
"Film study shows that when LeBron drives left, their assist percentage increases by 70.1% due to weak-side collapses.",analysis
Jokic is a total regular season merchant who will completely fraud out when physical playoff defense hits.,hot_take
The Celtics need to blow it up and trade Luka immediately before their value completely tanks to zero.,hot_take
"Honestly, Tatum is incredibly overrated and wouldn't even be a top 20 player if they played in the 90s era.",hot_take
Warriors is single-handedly ruining the team culture. They need to bench him or buy out his contract.,hot_take
"Let's be real, the Embiid championship window is totally closed. They are completely washed and irrelevant.",hot_take
Brunson is a total regular season merchant who will completely fraud out when physical playoff defense hits.,hot_take
The Mavericks need to blow it up and trade Ant immediately before their value completely tanks to zero.,hot_take
"Honestly, LeBron is incredibly overrated and wouldn't even be a top 20 player if they played in the 90s era.",hot_take
Sixers is single-handedly ruining the team culture. They need to bench him or buy out his contract.,hot_take
"Let's be real, the Wemby championship window is totally closed. They are completely washed and irrelevant.",hot_take
Jokic is a total regular season merchant who will completely fraud out when physical playoff defense hits.,hot_take
The Celtics need to blow it up and trade Luka immediately before their value completely tanks to zero.,hot_take
"Honestly, Tatum is incredibly overrated and wouldn't even be a top 20 player if they played in the 90s era.",hot_take
Warriors is single-handedly ruining the team culture. They need to bench him or buy out his contract.,hot_take
"Let's be real, the Embiid championship window is totally closed. They are completely washed and irrelevant.",hot_take
Brunson is a total regular season merchant who will completely fraud out when physical playoff defense hits.,hot_take
The Mavericks need to blow it up and trade Ant immediately before their value completely tanks to zero.,hot_take
"Honestly, LeBron is incredibly overrated and wouldn't even be a top 20 player if they played in the 90s era.",hot_take
Sixers is single-handedly ruining the team culture. They need to bench him or buy out his contract.,hot_take
"Let's be real, the Wemby championship window is totally closed. They are completely washed and irrelevant.",hot_take
Jokic is a total regular season merchant who will completely fraud out when physical playoff defense hits.,hot_take
The Celtics need to blow it up and trade Luka immediately before their value completely tanks to zero.,hot_take
"Honestly, Tatum is incredibly overrated and wouldn't even be a top 20 player if they played in the 90s era.",hot_take
Warriors is single-handedly ruining the team culture. They need to bench him or buy out his contract.,hot_take
"Let's be real, the Embiid championship window is totally closed. They are completely washed and irrelevant.",hot_take
Brunson is a total regular season merchant who will completely fraud out when physical playoff defense hits.,hot_take
The Mavericks need to blow it up and trade Ant immediately before their value completely tanks to zero.,hot_take
"Honestly, LeBron is incredibly overrated and wouldn't even be a top 20 player if they played in the 90s era.",hot_take
Sixers is single-handedly ruining the team culture. They need to bench him or buy out his contract.,hot_take
"Let's be real, the Wemby championship window is totally closed. They are completely washed and irrelevant.",hot_take
Jokic is a total regular season merchant who will completely fraud out when physical playoff defense hits.,hot_take
The Celtics need to blow it up and trade Luka immediately before their value completely tanks to zero.,hot_take
"Honestly, Tatum is incredibly overrated and wouldn't even be a top 20 player if they played in the 90s era.",hot_take
Warriors is single-handedly ruining the team culture. They need to bench him or buy out his contract.,hot_take
"Let's be real, the Embiid championship window is totally closed. They are completely washed and irrelevant.",hot_take
Brunson is a total regular season merchant who will completely fraud out when physical playoff defense hits.,hot_take
The Mavericks need to blow it up and trade Ant immediately before their value completely tanks to zero.,hot_take
"Honestly, LeBron is incredibly overrated and wouldn't even be a top 20 player if they played in the 90s era.",hot_take
Sixers is single-handedly ruining the team culture. They need to bench him or buy out his contract.,hot_take
"Let's be real, the Wemby championship window is totally closed. They are completely washed and irrelevant.",hot_take
Jokic is a total regular season merchant who will completely fraud out when physical playoff defense hits.,hot_take
The Celtics need to blow it up and trade Luka immediately before their value completely tanks to zero.,hot_take
"Honestly, Tatum is incredibly overrated and wouldn't even be a top 20 player if they played in the 90s era.",hot_take
Warriors is single-handedly ruining the team culture. They need to bench him or buy out his contract.,hot_take
"Let's be real, the Embiid championship window is totally closed. They are completely washed and irrelevant.",hot_take
Brunson is a total regular season merchant who will completely fraud out when physical playoff defense hits.,hot_take
The Mavericks need to blow it up and trade Ant immediately before their value completely tanks to zero.,hot_take
"Honestly, LeBron is incredibly overrated and wouldn't even be a top 20 player if they played in the 90s era.",hot_take
Sixers is single-handedly ruining the team culture. They need to bench him or buy out his contract.,hot_take
"Let's be real, the Wemby championship window is totally closed. They are completely washed and irrelevant.",hot_take
Jokic is a total regular season merchant who will completely fraud out when physical playoff defense hits.,hot_take
The Celtics need to blow it up and trade Luka immediately before their value completely tanks to zero.,hot_take
"Honestly, Tatum is incredibly overrated and wouldn't even be a top 20 player if they played in the 90s era.",hot_take
Warriors is single-handedly ruining the team culture. They need to bench him or buy out his contract.,hot_take
"Let's be real, the Embiid championship window is totally closed. They are completely washed and irrelevant.",hot_take
Brunson is a total regular season merchant who will completely fraud out when physical playoff defense hits.,hot_take
The Mavericks need to blow it up and trade Ant immediately before their value completely tanks to zero.,hot_take
"Honestly, LeBron is incredibly overrated and wouldn't even be a top 20 player if they played in the 90s era.",hot_take
Sixers is single-handedly ruining the team culture. They need to bench him or buy out his contract.,hot_take
"Let's be real, the Wemby championship window is totally closed. They are completely washed and irrelevant.",hot_take
Jokic is a total regular season merchant who will completely fraud out when physical playoff defense hits.,hot_take
The Celtics need to blow it up and trade Luka immediately before their value completely tanks to zero.,hot_take
"Honestly, Tatum is incredibly overrated and wouldn't even be a top 20 player if they played in the 90s era.",hot_take
Warriors is single-handedly ruining the team culture. They need to bench him or buy out his contract.,hot_take
"Let's be real, the Embiid championship window is totally closed. They are completely washed and irrelevant.",hot_take
Brunson is a total regular season merchant who will completely fraud out when physical playoff defense hits.,hot_take
OMG DID YOU SEE THAT DUNK BY Jokic?! ABSOLUTELY UNREAL AAAAAGH!,reaction
I am so incredibly sick of watching the Celtics blow 20 point leads. I am completely done with this team.,reaction
HOLY SHIRT Tatum JUST HIT A BUZZER BEATER FROM HALF COURT!!! UNBELIEVABLE!,reaction
"Bro what are the refs doing in this Giannis game? This is absolute rigging at its finest, wow.",reaction
FADE ME LMAO. We are poverty franchises. See y'all next season.,reaction
OMG DID YOU SEE THAT DUNK BY Brunson?! ABSOLUTELY UNREAL AAAAAGH!,reaction
I am so incredibly sick of watching the Mavericks blow 20 point leads. I am completely done with this team.,reaction
HOLY SHIRT LeBron JUST HIT A BUZZER BEATER FROM HALF COURT!!! UNBELIEVABLE!,reaction
"Bro what are the refs doing in this Curry game? This is absolute rigging at its finest, wow.",reaction
FADE ME LMAO. We are poverty franchises. See y'all next season.,reaction
OMG DID YOU SEE THAT DUNK BY Jokic?! ABSOLUTELY UNREAL AAAAAGH!,reaction
I am so incredibly sick of watching the Celtics blow 20 point leads. I am completely done with this team.,reaction
HOLY SHIRT Tatum JUST HIT A BUZZER BEATER FROM HALF COURT!!! UNBELIEVABLE!,reaction
"Bro what are the refs doing in this Giannis game? This is absolute rigging at its finest, wow.",reaction
FADE ME LMAO. We are poverty franchises. See y'all next season.,reaction
OMG DID YOU SEE THAT DUNK BY Brunson?! ABSOLUTELY UNREAL AAAAAGH!,reaction
I am so incredibly sick of watching the Mavericks blow 20 point leads. I am completely done with this team.,reaction
HOLY SHIRT LeBron JUST HIT A BUZZER BEATER FROM HALF COURT!!! UNBELIEVABLE!,reaction
"Bro what are the refs doing in this Curry game? This is absolute rigging at its finest, wow.",reaction
FADE ME LMAO. We are poverty franchises. See y'all next season.,reaction
OMG DID YOU SEE THAT DUNK BY Jokic?! ABSOLUTELY UNREAL AAAAAGH!,reaction
I am so incredibly sick of watching the Celtics blow 20 point leads. I am completely done with this team.,reaction
HOLY SHIRT Tatum JUST HIT A BUZZER BEATER FROM HALF COURT!!! UNBELIEVABLE!,reaction
"Bro what are the refs doing in this Giannis game? This is absolute rigging at its finest, wow.",reaction
FADE ME LMAO. We are poverty franchises. See y'all next season.,reaction
OMG DID YOU SEE THAT DUNK BY Brunson?! ABSOLUTELY UNREAL AAAAAGH!,reaction
I am so incredibly sick of watching the Mavericks blow 20 point leads. I am completely done with this team.,reaction
HOLY SHIRT LeBron JUST HIT A BUZZER BEATER FROM HALF COURT!!! UNBELIEVABLE!,reaction
"Bro what are the refs doing in this Curry game? This is absolute rigging at its finest, wow.",reaction
FADE ME LMAO. We are poverty franchises. See y'all next season.,reaction
OMG DID YOU SEE THAT DUNK BY Jokic?! ABSOLUTELY UNREAL AAAAAGH!,reaction
I am so incredibly sick of watching the Celtics blow 20 point leads. I am completely done with this team.,reaction
HOLY SHIRT Tatum JUST HIT A BUZZER BEATER FROM HALF COURT!!! UNBELIEVABLE!,reaction
"Bro what are the refs doing in this Giannis game? This is absolute rigging at its finest, wow.",reaction
FADE ME LMAO. We are poverty franchises. See y'all next season.,reaction
OMG DID YOU SEE THAT DUNK BY Brunson?! ABSOLUTELY UNREAL AAAAAGH!,reaction
I am so incredibly sick of watching the Mavericks blow 20 point leads. I am completely done with this team.,reaction
HOLY SHIRT LeBron JUST HIT A BUZZER BEATER FROM HALF COURT!!! UNBELIEVABLE!,reaction
"Bro what are the refs doing in this Curry game? This is absolute rigging at its finest, wow.",reaction
FADE ME LMAO. We are poverty franchises. See y'all next season.,reaction
OMG DID YOU SEE THAT DUNK BY Jokic?! ABSOLUTELY UNREAL AAAAAGH!,reaction
I am so incredibly sick of watching the Celtics blow 20 point leads. I am completely done with this team.,reaction
HOLY SHIRT Tatum JUST HIT A BUZZER BEATER FROM HALF COURT!!! UNBELIEVABLE!,reaction
"Bro what are the refs doing in this Giannis game? This is absolute rigging at its finest, wow.",reaction
FADE ME LMAO. We are poverty franchises. See y'all next season.,reaction
OMG DID YOU SEE THAT DUNK BY Brunson?! ABSOLUTELY UNREAL AAAAAGH!,reaction
I am so incredibly sick of watching the Mavericks blow 20 point leads. I am completely done with this team.,reaction
HOLY SHIRT LeBron JUST HIT A BUZZER BEATER FROM HALF COURT!!! UNBELIEVABLE!,reaction
"Bro what are the refs doing in this Curry game? This is absolute rigging at its finest, wow.",reaction
FADE ME LMAO. We are poverty franchises. See y'all next season.,reaction
OMG DID YOU SEE THAT DUNK BY Jokic?! ABSOLUTELY UNREAL AAAAAGH!,reaction
I am so incredibly sick of watching the Celtics blow 20 point leads. I am completely done with this team.,reaction
HOLY SHIRT Tatum JUST HIT A BUZZER BEATER FROM HALF COURT!!! UNBELIEVABLE!,reaction
"Bro what are the refs doing in this Giannis game? This is absolute rigging at its finest, wow.",reaction
FADE ME LMAO. We are poverty franchises. See y'all next season.,reaction
OMG DID YOU SEE THAT DUNK BY Brunson?! ABSOLUTELY UNREAL AAAAAGH!,reaction
I am so incredibly sick of watching the Mavericks blow 20 point leads. I am completely done with this team.,reaction
HOLY SHIRT LeBron JUST HIT A BUZZER BEATER FROM HALF COURT!!! UNBELIEVABLE!,reaction
"Bro what are the refs doing in this Curry game? This is absolute rigging at its finest, wow.",reaction
FADE ME LMAO. We are poverty franchises. See y'all next season.,reaction
OMG DID YOU SEE THAT DUNK BY Jokic?! ABSOLUTELY UNREAL AAAAAGH!,reaction
I am so incredibly sick of watching the Celtics blow 20 point leads. I am completely done with this team.,reaction
HOLY SHIRT Tatum JUST HIT A BUZZER BEATER FROM HALF COURT!!! UNBELIEVABLE!,reaction
"Bro what are the refs doing in this Giannis game? This is absolute rigging at its finest, wow.",reaction
FADE ME LMAO. We are poverty franchises. See y'all next season.,reaction
OMG DID YOU SEE THAT DUNK BY Brunson?! ABSOLUTELY UNREAL AAAAAGH!,reaction
